title,link
NSO 被指仍无视用户隐私,http://hackernews.cc/archives/34501
美国财政部警告 COVID-19 疫苗研究组织遭攻击,http://hackernews.cc/archives/34490
CISA 敦促美国政府机构更新 SolarWinds 版本,http://hackernews.cc/archives/34487
美国和加拿大银行用户成为黑客目标,http://hackernews.cc/archives/34480
FBI 警告：黑客正在劫持低安全性的智能设备,http://hackernews.cc/archives/34465
新型 Golang 蠕虫在服务器上投放 XMRig Miner 病毒,http://hackernews.cc/archives/34459
SolarWinds 黑客旨在窃取用户的云数据,http://hackernews.cc/archives/34432
CISA 发布检测 Azure/Microsoft 365 中恶意活动的 PowerShell 工具,http://hackernews.cc/archives/34434
日本川崎重工披露安全漏洞,http://hackernews.cc/archives/34436
Google Docs 存在安全漏洞 可使黑客窃取私人文档,http://hackernews.cc/archives/34430
芬兰国会议员的电子邮件帐户遭黑客攻击,http://hackernews.cc/archives/34409
黑客伪造付款表格 收集在线商店的付款信息,http://hackernews.cc/archives/34415
Nefilim 勒索软件幕后黑客泄漏了从 Whirlpool 窃取的数据,http://hackernews.cc/archives/34412
物理安全密钥保障了美国大选电子邮件的安全,http://hackernews.cc/archives/34399
SolarWinds 新漏洞可使黑客安装 SUPERNOVA 恶意软件,http://hackernews.cc/archives/34390
警方逮捕 21 位  WeLeakInfo 网站用户,http://hackernews.cc/archives/34386
俄罗斯加密货币交易所 Livecoin 被黑客入侵 失去对服务器的控制权,http://hackernews.cc/archives/34376
FBI 和欧洲刑警组织查获被控支持“黑社会犯罪组织”的 VPN 服务,http://hackernews.cc/archives/34373
UltraRank 黑客组织的新攻击,http://hackernews.cc/archives/34369
泄露文件曝光任天堂侵入性监控黑客行动,http://hackernews.cc/archives/34364
