100,LakeWorth
101,Valrico
102,RichmondWest
103,SouthMiamiHeights
104,WinterSprings
105,EgyptLake-Leto
106,LandO'Lakes
107,Aventura
108,MerrittIsland
109,Dunedin
110,LauderdaleLakes
111,MeadowWoods
112,University
113,CooperCity
114,Navarre
115,RivieraBeach
116,Carrollwood
117,DeLand
118,GoldenGlades
119,PanamaCity
120,FerryPass
121,Parkland
122,BuenaventuraLakes
123,Estero
124,WestLittleRiver
125,FruitCove
126,HorizonWest
127,EastLake
128,DaniaBeach
129,MiamiLakes
130,Lakeside
131,Princeton
132,WinterPark
133,Westchester
134,GoldenGate
135,LakeMagdalene
136,Casselberry
137,EastLake-OrientPark
138,FlemingIsland
139,Rockledge
140,NewSmyrnaBeach
141,OakleafPlantation
142,Immokalee
143,BayonetPoint
144,TempleTerrace
145,CitrusPark
146,UniversityPark
147,Sebastian
148,LeisureCity
149,HainesCity
150,SouthBradenton
151,TarponSprings
152,Crestview
153,CoralTerrace
154,PalmCity
155,PalmSprings
156,Keystone
157,PalmettoBay
158,WestMelbourne
159,KeyWest
160,VeroBeachSouth
161,Venice
162,Edgewater
163,Bloomingdale
164,Pace
165,OakRidge
166,Leesburg
167,Westchase
168,JacksonvilleBeach
169,PalmRiver-ClairMel
170,TheCrossings
171,SunCityCenter
172,Ruskin
173,HialeahGardens
174,WekiwaSprings
175,Wright
176,Ensley
177,HuntersCreek
178,IvesEstates
179,Northdale
180,FortWaltonBeach
181,Naples
182,Brent
183,SunnyIslesBeach
184,JasmineEstates
185,PalmValley
186,Holiday
187,Lutz
188,FloridaRidge
189,DeBary
190,Eustis
191,Lealman
192,Bellview
193,WestPensacola
194,Sweetwater
195,LynnHaven
196,PuntaGorda
197,BayshoreGardens
198,Bartow
199,BelleGlade
200,FishHawk
201,ApolloBeach
202,Pinecrest
203,LakeButlerCDP
204,Seminole
205,Cocoa
206,SafetyHarbor
207,MarcoIsland
208,Gibsonton
209,GlenvarHeights
210,SanCarlosPark
211,Tavares
212,MidwayCDP
213,Maitland
214,VeroBeach
215,LakeMary
216,Ojus
217,Brownsville
218,CountryWalk
219,UpperGrandLagoon
220,Pinewood
221,MyrtleGrove
222,LakeWales
223,NewPortRichey
224,Auburndale
225,WorldGolfVillage
226,Zephyrhills
227,Groveland
228,Stuart
229,ThreeLakes
230,LadyLake
231,Niceville
232,PalmettoEstates
233,Opa-locka
234,SarasotaSprings
235,Sunset
236,Longwood
237,St.Augustine
238,Englewood
239,Bellair-MeadowbrookTerrace
240,Southchase
241,WestPark
242,WestLealman
243,Oldsmar
244,AzaleaPark
245,Lockhart
246,OlympiaHeights
247,MountDora
248,Warrington
249,SouthVenice
250,Iona
251,ForestCity
252,Destin
253,Callaway
254,Thonotosassa
255,Gonzalez
256,HobeSound
257,MiamiSprings
258,AtlanticBeach
259,Fruitville
260,Palmetto
261,Conway
262,JensenBeachandHomosassaSprings
263,Middleburg
264,Gladeview
265,Nocatee
266,UnionPark
267,FernandinaBeach
268,Goldenrod
269,NorthPalmBeach
270,CypressLake
271,SouthDaytona
272,EastMilton
273,KeyBiscayne
274,WiltonManors
275,Elfers
276,LakewoodPark
277,Yulee
278,Minneola
279,PanamaCityBeach
280,Lantana
281,Hudson
282,ShadyHills
283,LakelandHighlands
284,HollyHill
285,LakeCity
286,Gulfport
287,OrangeCity
288,WestwoodLakes
289,Villas
290,JupiterFarms
291,SouthMiami
292,FloridaCity
293,PortSt.John
294,CocoaBeach
295,PineCastle
296,Goulds
297,RichmondHeights
298,DoctorPhillips
299,PortSalerno
